0203 195 3296,0204 599 9514,Zest Media Publications    ,,
0203 195 3808,0204 599 9515,VISA CONSORT,,
0203 195 3809,0204 599 9516,SIGNFIRM ,,
0203 195 3810,0204 599 9517,TROJAN LIFTS  ,,
0203 195 3811,0204 599 9518,SECURITY ADVANCED SERVICES,,
0203 195 3812,0204 599 9519,ASTRA GLOBAL SERVICES ,,
0203 195 3813,0204 599 9520,FPR UK Limited,,
0203 195 3814,0204 599 9521,Pyroplast Energy,,
0203 195 3816,0204 599 9522,POSTER GIRL,,
0203 195 3817,0204 599 9523,QUAQOO LTD,,
0203 195 3818,0204 599 9524,OOBE Global Group ltd,,
0203 195 3819,0204 599 9525,VOX SECURITAS ,,
0203 195 3820,0204 599 9526,H2O SECURITIES   ,,
0203 195 3822,0204 599 9527,Bristco abe,,
0203 195 3823,0204 599 9528,Miracle Care Products LTD,,
0203 195 3824  ,0204 599 9529,Auxesis Infotech Pvt Ltd    ,,
0203 195 3825,0204 599 9530,RIENZI  TECHNOLOGIES ,,
0203 195 3826,0204 599 9531,DAILY MEDICS,,
0203 195 3827,0204 599 9532,The Association of Professional Compliance Consultants APCC,,
0203 195 3828,0204 599 9533,VAULT UK   ,,
0203 195 3829,0204 599 9534,MAXTON HOLDINGS LTD,,
0203 195 3830,0204 599 9535,NIGHT NANNIES ESSEX    ,,
0203 195 3831,0204 599 9536,Laser Beam Eyes Ltd,,
0203 195 3832,0204 599 9537,Bid Specialists Ltd  ,,
0203 195 3833,0204 599 9538,EVERYTHING  I C T,,
0203 195 3834,0204 599 9539,SHEKaBBa THE DANISH HOME,,
0203 195 3835,0204 599 9540,Moonlight Consultancy t/a  Immersive Brands         ,,
0203 195 3836,0204 599 9541,Blackrok Property,,
0203 195 3837,0204 599 9542,The Police Foundation,,
0203 195 3838,0204 599 9543,LAYER3 NETWORKS LTD,,
0203 195 3839,0204 599 9544,AFRITUDE LTD  ,,
0203 195 3840,0204 599 9545,GIFTS GIZMOS LTD_ Ladspad,,
0203 195 3841 ,0204 599 9546,RoseTree Recruitment,,
0203 195 3842,0204 599 9547,PDE CONSULTING   ,,
0203 195 3843,0204 599 9548,AKSOY  CONSULTANCY,,
0203 195 3844,0204 599 9549,FORTALEZA DIGITAL LTD,,
0203 195 3845,0204 599 9550,Qrex Ltd,,
0203 195 3846,0204 599 9551,RRD Consultants LTD ,,
0203 195 3847 ,0204 599 9552,WILLMA ESTATE PLANNERS LTD,,
0203 195 3848,0204 599 9553,The Portfolio Platform,,
0203 195 3849,0204 599 9554,Harp Trading Ltd,,
0203 195 3850,0204 599 9555,M AND A MAKERS LTD,,
0203 195 3851,0204 599 9556,COLMENA GROUP,,
0203 195 3852,0204 599 9557,PROFILE PROPERTY MARKETING NETWORK LTD.,,
0203 195 3853 ,0204 599 9558,CLEANSTART RESOURCES ,,
0203 195 3854,0204 599 9559,TITUS ACCOUNTS LTD,,
0203 195 3855,0204 599 9560,TMX Designs  ,,
0203 195 3856,0204 599 9561,GMI CORPORATE,,
0203 195 3857,0204 599 9562,Quadrantcleaning Services ,,
0203 195 3858,0204 599 9563,Buildeco,,
0203 195 3859,0204 599 9564,SDValue Ltd,,
0203 195 3860,0204 599 9565,CarTeki Group Ltd  ,,
0203 195 3861,0204 599 9566,"CPM Global (which stands for, Card Payment Machines Global)",,
0203 195 3862,0204 599 9567,LEGENDS FESTIVAL LTD,,
0203 195 3863,0204 599 9568,BARDD GROUP LTD,,
0203 195 3864,0204 599 9569,Paon Prod Ltd,,
0203 195 3865,0204 599 9570,Commonwealth Africa Initiative,,
0203 195 3866,0204 599 9571,INTU MOBILITY LTD,,
0203 195 3867,0204 599 9572,Equilytics Limited,,
0203 195 3868,0204 599 9573,CMW Consultants Limited	,,
0203 195 3869,0204 599 9574,TIGUNIA UK LTD,,
0203 195 3870,0204 599 9575,Mai Associates Ltd,,
0203 195 3871,0204 599 9576,Budget Conferences Limited,,
0203 195 3872,0204 599 9577,S AND T RECRUITMENT SOLUTIONS LIMITED,,
0203 195 3873,0204 599 9578,INCLUSIVE DESIGN CONSULTANTS   ,,
0203 195 3874,0204 599 9579,SAORSAplusUK LTD,,
0203 195 3875,0204 599 9580,QLM BUSINESS SOLUTIONS,,
0203 195 3876,0204 599 9581,Jamena Properties Ltd,,
0203 195 3877,0204 599 9582,AKBS EDUCATION HOLDINGS LTD,,
0203 195 3878,0204 599 9583,Harley Oxford,,
0203 195 3879,0204 599 9584,APPSEC  PHOENIX ,,
0203 195 3880,0204 599 9585,HandA UK PROPERTY LTD,,
0203 195 3881,0204 599 9586,Solution12X Ltd,,
0203 195 3882,0204 599 9587,NO CHEETAHS LTD,,
0203 195 3883,0204 599 9588,LIQUID WHISKEY,,
0203 195 3884,0204 599 9589, Hawkes Decor  ,,
0203 195 3885,0204 599 9590,EZELET Ltd,,
0203 195 3886,0204 599 9591,GILLFIELD PROJECTS,,
0203 195 3887,0204 599 9592,SYNERGY AUTOMOBILES UK,,
0203 195 3888,0204 599 9593,MARIAGEMENT LIMITED ,,
0203 195 3889,0204 599 9594,Bertiz Research Consulting Services,,
0203 195 3890,0204 599 9595,Kim Bacchus Solutions   ,,
0203 195 3891,0204 599 9596,MARRIED LIFE MANAGEMENT LTD,,
0203 195 3892,0204 599 9597,BRIXWELL UKE LIMITED,,
0203 195 3893,0204 599 9598,SERICA CONSULTING ,,
0203 195 3894,0204 599 9599 ,"DMA Invest Ltd, Developing Markets Associates",,
0203 195 3895,0204 599 9600,Me time Work Points Ltd,,
0203 195 3896  ,0204 599 9601,KIMBO65   ,,
0203 195 3897,0204 599 9602,P R POTENTIAL,,
0203 195 3898,0204 599 9603,Initiatrix Technologies Private Limited      ,,
0203 195 3899,0204 599 9604,Echon Global,,
0203 195 3901,0204 599 9605,MTM Facades Europe,,
0203 195 3902,0204 599 9606,QUZO UK  ,,
0203 195 3904,0204 599 9607,MAYFAIRSILK LTD,,
0203 195 3905,0204 599 9608,Cloudtexo,,
0203 195 3906,0204 599 9609,XXI CENTURY HOLDING LTD,,
0203 195 3907,0204 599 9610,SPOT STAMP ,,
0203 195 3908,0204 599 9611,Statement Group Limited,,
0203 195 3909,0204 599 9612,Nick Burne Digital,,
0203 195 3910,0204 599 9613,CTM Contractors  ,,
0203 195 3911,0204 599 9614,FX CLOTHING,,
0203 195 3912,0204 599 9615,URTEAM,,
0203 195 3913,0204 599 9616,TOTUS CONSULTANCY LIMITED,,
0203 195 3914,0204 599 9617,SIN GROUP LIMITED ,,
0203 195 3915,0204 599 9618,GRACE CAPITAL,,
0203 195 3916,0204 599 9619,Welby Wellbeing Ltd,,
0203 195 3917,0204 599 9620,ROMA SECURITY ,,
0203 195 3918   ,0204 599 9621,SOHO NEWS INTERNATIONAL   ,,
0203 195 3919,0204 599 9622,Direct Agents,,
0203 195 3920,0204 599 9623,5BillionSales,,
0203 195 3921,0204 599 9624,Comfort in care,,
0203 195 3922,0204 599 9625,RENUTECH PHARMACEUTICALS LTD,,
0203 195 3924,0204 599 9626,Loudwater Building Consultancy Ltd,,
0203 195 3925,0204 599 9627,Built Services Design Associates. BSDA ,,
0203 195 3927,0204 599 9628,KLADER INTERNATIONAL LIMITED,,
0203 195 3928,0204 599 9629,THE ASIA EDIT LTD,,
0203 195 3929,0204 599 9630,LA ROCHE SYSTEMS LIMITED,,
0203 195 3930,0204 599 9631,APEOPLEBUSINESS,,
0203 195 3931,0204 599 9632,Lynxforce Protection Services,,
0203 195 3932,0204 599 9633,Bennu Organics,,
0203 195 3933,0204 599 9634,PHARMALANE UK LTD.,,
0203 195 3934,0204 599 9635,PRO 1 GROUP,,
0203 195 3935,0204 599 9636,CHELSEA HOMECARE,,
0203 195 3936,0204 599 9637,SONTEXT,,
0203 195 3937,0204 599 9638, AA HOMES AND DEVELOPMENT ,,
0203 195 3938,0204 599 9639,Darkstro Guards Security,,
0203 195 3940,0204 599 9640,Gigacore,,
0203 195 3941,0204 599 9641,LANCIA CONSULTING,,
0203 195 3942,0204 599 9642,VOOTABBIN LTD ,,
0203 195 3943,0204 599 9643,ROOT2 TAX (DISPUTE RESOLUTION) LIMITED,,
0203 195 3944,0204 599 9644,41 LUXE BY VOU BROWN LLP,,
0203 195 3945,0204 599 9645,The Triumph Dolomite Club,,
0203 195 3946,0204 599 9646,DPSA1,,
0203 195 3947,0204 599 9647,GLARE 9 LTD,,
0203 195 3948,0204 599 9648,Cain Lambert Financial Services LLP,,
0203 195 3950,0204 599 9649,SKIN HAIR DERMATOLOGY EDUCATION LTD,,
0203 195 3951,0204 599 9650,LIGHTUP FOUNDATION,,
0203 195 3952,0204 599 9651,PRO CODE ,,
0203 195 3953,0204 599 9652,INVICTUS HEALTHCARE SERVICE LTD,,
0203 195 3954 ,0204 599 9653,DONARIUM IMMOINVEST INTERNATIONAL LTD,,
0203 195 3955,0204 599 9654,NCKPROPERTYMANAGEMENT LTD,,
0203 195 3956,0204 599 9655,D&M INTERNATIONAL LLP,,
0203 195 3957 ,0204 599 9656, P W Services ,,
0203 476 3802,0204 599 9657,"ROWEL CAPITAL ADVISORS
",,
0203 476 3803,0204 599 9658,Comprehensive Projects Integration Limited,,
0203 476 3804  ,0204 599 9659,INFINLIX LTD    ,,
0203 476 3805,0204 599 9660,ZA Recruitment Group    ,,
0203 476 3806,0204 599 9661,WOODHAVEN ESTATE,,
0203 476 4502 ,0204 599 9662,NOBLE SYSTEMS,,
0203 476 4503,0204 599 9663,Malab Unicorn,,
0203 476 4504,0204 599 9664,BILLION GLOBAL CHASE,,
0203 476 4505,0204 599 9665,ENSLIN OLIVIER INTERNATIONAL BUSINESS LAWYERS LLP VM,,
0203 476 4506,0204 599 9666,GOSTEN LTD,,
0203 476 4507 ,0204 599 9667,Queen Square Analytics,,
0203 476 4508,0204 599 9668,ALJITHA HOLDING LTD,,
0203 476 4509,0204 599 9669,Brit certifications and assessments,,
0203 476 4510 ,0204 599 9670,PEPPE LTD ,,
0203 476 4511,0204 599 9671,Worldwide Immigration Ltd,,
0203 476 5175,0204 599 9672,Darksight,,
0203 476 5378,0204 599 9673,4fx Design & Multimedia Ltd                              ,,
0203 476 5653,0204 599 9674,GREENER PACKAGING UK LTD,,
0203 476 5663,0204 599 9675,LifeTimeHigh Ltd,,
0203 476 5664,0204 599 9676,Office Storage Solutions Ltd,,
0203 476 5667,0204 599 9677,QPEC FOREX TRADING LIMITED,,
0203 476 5668,0204 599 9678,Cobooks Services Limited,,
0203 476 5698,0204 599 9679,World Links Education,,
0203 476 6282,0204 599 9680,Norah Nick Middle East (ANSWER AS The Persian Pantry)  ,,
0203 476 6320,0204 599 9681,THE LAW OFFICE OF ADEKUNLE OSIBOGUN LTD     ,,
0203 476 7434,0204 599 9682,Nigerian Superpatriots,,
0203 476 7435,0204 599 9683,ISSS LTD,,
0203 476 7436,0204 599 9684,NYPA FRUTICAN MARKETING LIMITED,,
0203 476 7437,0204 599 9685,YALCON INTRA LIMITED,,
0203 476 7438,0204 599 9686,SEGMENTO LIMITED ,,
0203 476 7439,0204 599 9687,VICTORIA  ,,
0203 476 7440,0204 599 9688,Vas Solicitors    ,,
0203 476 7441,0204 599 9689,GEO EXPLORATION  ltd,,
0203 476 7442 ,0204 599 9690,Bellani LTD,,
0203 476 7443,0204 599 9691,SJS FIRST GLOBAL INVESTMENT ASSET MANAGEMENT LTD,,
0203 476 7445,0204 599 9692,BEACON RISE HOLDINGS LIMITED,,
0203 476 7446 ,0204 599 9693,CLO RESEARCH GROUP,,
0203 476 7448,0204 599 9694,WAGEME,,
0203 476 7449,0204 599 9695,ROOM SEVEN CAPITAL PARTNERS LLP,,
0203 476 7450,0204 599 9696,MYTALENT SOFTWARE LTD,,
0203 476 7451,0204 599 9697,EKCEN TRAINING,,
0203 476 7452,0204 599 9698,meotolo,,
0203 476 7453,0204 599 9699,Malamova Elite LTD,,
0203 476 7454,0204 599 9700,Adel Construction and Civl Engineering Ltd,,
0203 476 7455,0204 599 9701,Purelink Properties Ltd   ,,
0203 476 7492,0204 599 9702,MRC GROUP LIMITED,,
0203 476 7493,0204 599 9703,MITICS International LLP,,
0203 476 7494,0204 599 9704,MGI Holdings and Investments Limited,,
0203 476 7495,0204 599 9705,EJEUROPE LTD,,
0203 476 7496,0204 599 9706,Atkins Estates               (answer as Atkins Legacy Estates) ,,
0203 476 9000,0204 599 9707,Naftoil Company,,
0203 476 9008,0204 599 9708,TRADEFIN INTERNATIONAL   ,,
0203 476 9010,0204 599 9709,CSIS,,
0203 476 9011,0204 599 9710,PAYVER LIMITED,,
0203 476 9072,0204 599 9711,BRITMED LTD ,,
0203 476 9073,0204 599 9712,TLGP Partnership  ,,
0203 476 9074,0204 599 9713,Enhance property management,,
0203 476 9075,0204 599 9714,test ib,,
0203 476 9077,0204 599 9715,SHREEJI SALES LTD,,
0203 476 9078,0204 599 9716,DIGITAL COLLABORATION ACADEMY LTD,,
0203 476 9079,0204 599 9717,TRIPSOI TRAVEL COMPANY LTD,,
0203 476 9081,0204 599 9718,PRAYOSHA CONSULTANCY SERVICES LTD,,
0203 476 9082,0204 599 9719,PRAYOSHA SALES LTD,,
0203 476 9083,0204 599 9720,FRENCHIÉ LA LIGNÉE LTD,,
0203 621 0640,0204 599 9721,Lavendla LTD,,
0203 621 0641,0204 599 9722,TMC LONDON ACCOUNTANTS,,
0203 621 0642,0204 599 9723,Med Spa Equip UK Limited,,
0203 621 0643,0204 599 9724,ZEBAQ ltd,,
0203 621 0644,0204 599 9725,Scania Labs,,
0203 621 0645,0204 599 9726,SAMA GLOBAL INVESTMENT LTD,,
0203 621 0646,0204 599 9727,Easy Live Club LLP     ,,
0203 621 0647,0204 599 9728,PinPoint Recruitment Services   ,,
0203 621 0648,0204 599 9729,Facility Performance Consulting,,
0203 621 0649,0204 599 9730,TECH INCUBATION,,
0203 621 0650,0204 599 9731,Avanti Digital  ,,
0203 621 0651,0204 599 9732,MB Kemp LLP,,
0203 621 0652,0204 599 9733,London and County Financial Advisors Ltd,,
0203 621 0653,0204 599 9734,KANAA LTD,,
0203 621 0654,0204 599 9735,Intelligent Light Limited,,
0203 621 0655,0204 599 9736,Identity Agency Management  ,,
0203 621 0656,0204 599 9737,EN ROUTE VIP LIMITED,,
0203 621 0657,0204 599 9738,BUILDEO LIMITED,,
0203 621 0658,0204 599 9739,SWIFT CONSULTING ENGINEERS,,
0203 693 3791,0204 599 9740,NW PharmaTech Limited,,
0203 693 3792,0204 599 9741,Gold Bridge Business LLP,,
0203 693 3793,0204 599 9742,WIN DEVELOPMENT UK,,
0203 693 3794,0204 599 9743,Exotic Auto Parts Ltd  ,,
0203 693 3796,0204 599 9744,Seven Continents Group Limited T/A Secret Missions Private Detective Agency,,
0203 693 3797,0204 599 9745,MASTEX COMMERCIAL,,
0203 693 3798,0204 599 9746,Destiny Builders,,
0203 693 3799,0204 599 9747,THE EQUINE SUPPLY COMPANY LIMITED,,
0203 693 3800,0204 599 9748,ZERO8 VENTURES I LLP,,
0203 693 3801,0204 599 9749,IGNITE SEO ,,
0203 693 3802  ,0204 599 9750,TYLEXTECH PRIVATE LIMITED   ,,
0203 693 3803,0204 599 9751,Beaumont Swiss,,
0203 693 3804,0204 599 9752,Tiger Furniture,,
0203 693 3806,0204 599 9753,KRONOS ANALYTICS answer as  Chainforce Forensics,,
0203 693 3807,0204 599 9754,Lavendla,,
0203 693 3809,0204 599 9755,AIRX UK,,
0203 693 3810,0204 599 9756,DPH WORLD,,
0203 693 3811,0204 599 9757,Organic Homes  ,,
0203 693 3812,0204 599 9758,CENTRAL FINTECH LIMITED,,
0203 693 3813,0204 599 9759,SWISS FINANCE PARTNERS AG LIMITED,,
0203 693 3814,0204 599 9760,Modern Global City LTD,,
0203 693 3816,0204 599 9761,The Global Recruitment Office  ,,
0203 693 3817,0204 599 9762,FILLAOXANE LABORATORY AESTHETIC GROUP LTD,,
0203 693 3818,0204 599 9763,Data Experts Pvt Ltd,,
0203 693 3819,0204 599 9764,Paraklis Insurance Solutions,,
0203 693 3820,0204 599 9765,Bright Stars Consulting Ltd,,
0203 693 3821,0204 599 9766,TOC PUBLISHING,,
0203 693 3822,0204 599 9767,intraHouse,,
0203 693 3823,0204 599 9768,Rockstone Staffing,,
0203 693 3824,0204 599 9769,WORKSAVI,,
0203 693 3825 ,0204 599 9770,TAYLOR OSBORNE LTD   ,,
0203 693 3826,0204 599 9771,HANKIN REAL ESTATES LIMITED   ,,
0203 693 3827,0204 599 9772,JKW LAW,,
0203 693 3828,0204 599 9773,OAKE Legal UK ,,
0203 693 3829,0204 599 9774,SSC Roofing And Cladding Ltd,,
0203 693 3830,0204 599 9775,NEW DAWN ACTORS MANAGEMENT,,
0203 693 3831,0204 599 9776,TIPTRANS STE 87119 LTD,,
0203 693 3832,0204 599 9777,COGNITIA (SHEC) SOLUTIONS,,
0203 693 3833,0204 599 9778,Deux Ballons,,
0203 693 3834,0204 599 9779,OLDFIELD CONSULTANCY,,
0203 693 3835,0204 599 9780,EMERGENCY SAFETY SOLUTIONS LTD,,
0203 693 3836,0204 599 9781,DISC Benelux,,
0203 693 3837,0204 599 9782,SOLTEC GLOBAL TECHNICAL SERVICES LTD,,
0203 693 3838,0204 599 9783,Niger Delta Peace Initiative AND Developement,,
0203 693 3839,0204 599 9784,"M2G FACILITIES MANAGEMENT LTD
",,
0203 693 3840,0204 599 9785,MCM Productions (answer as MCM Creative Group) ,,
0203 693 3908,0204 599 9786,VALENTINA MARIA LIMITED (VALENTINA-MARIA LIMITED),,
0203 693 3909,0204 599 9787,SALON PRIVE GROUP,,
0203 693 3910,0204 599 9788,Taste International,,
0203 693 3912,0204 599 9789,KG ACCOUNTS & TAX LTD  ,,
0203 693 3913,0204 599 9790,SPEAK and MORTLOCK,,
0203 693 3914,0204 599 9791,Nudawn Housing and Support Services,,
0203 693 3915,0204 599 9792,Ono app,,
0203 693 3916,0204 599 9793,TALENT PROFESSIONALS  RECRUITMENT SERVICES      ,,
0203 693 3917,0204 599 9794,NIMBLE LEARN LTD,,
0203 693 3918,0204 599 9795,Investgo Equity Group Ltd,,
0203 693 3919,0204 599 9796,Global Supply Solutions LTD,,
0203 693 3920,0204 599 9797,CITY WARDROBES,,
0203 693 3921,0204 599 9798,U COLLABORATION LTD,,
0203 693 3922,0204 599 9799,TALENT UNITED GROUP UK LIMITED,,
0203 693 3923,0204 599 9800,ADM Cloudtech Ltd   ,,
0203 693 3924,0204 599 9801,UNICAL FLOW TECHNOLOGY LTD.,,
0203 693 3925,0204 599 9802,TRUE FREEDOM   ,,
0203 693 3926,0204 599 9803,Global Investor Media,,
0203 693 3927,0204 599 9804,Elite Sales Recruitment,,
0203 693 3928,0204 599 9805,International Real Estate Partners Ltd (IREP,,
0203 693 3929,0204 599 9806,ITIMAYO CORPORATE LTD,,
0203 693 3930,0204 599 9807,BIOPEST MANAGEMENT,,
0203 693 3931,0204 599 9808,The Redeemed Christian Church of God-City of Joy,,
0203 693 3932,0204 599 9809,Property Gene Limited ,,
0203 693 3933,0204 599 9810,Brand Aviators,,
0203 693 3935,0204 599 9811,UK & International Real Estates Ltd,,
0203 693 3936,0204 599 9812, WAY ASSURE ,,
0203 693 3937,0204 599 9813,BARAKATT Llp,,
0203 693 3938,0204 599 9814,ECPMOG ORGANIZATION,,
0203 693 3939,0204 599 9815,Body calculation,,
0203 693 3940,0204 599 9816,Brownmint Ltd,,
0203 693 3941,0204 599 9817,AMAZING NEWS AGENCY LTD,,
0203 693 3942,0204 599 9818,Financely Group (ASTRAVIA PROPERTIES LLP),,
0203 693 3943,0204 599 9819,PEDRO SAJINI INTERNATIONAL LTD,,
0203 693 3944 ,0204 599 9820, WEB (NI) LIMITED ,,
0203 693 3945,0204 599 9821,UK FROZEN FOOD LTD,,
0203 693 3946,0204 599 9822,Two Two Five Concepts Limited,,
0203 693 3947,0204 599 9823,WORLD DEVELOPMENT CORPORATION LTD,,
0203 693 3948,0204 599 9824,TANAAKK LTD,,
0203 693 3949,0204 599 9825,HI TECH EARLY YEARS AND PHOTOGRAPHY,,
0203 693 3950,0204 599 9826,STAK CONSTRUCTION,,
0203 693 3951,0204 599 9827,ELLC School Limited,,
0203 693 3952,0204 599 9828,AJS Marketing Limited,,
0203 693 3953   ,0204 599 9829,Redempt Resourcing Ltd,,
0203 693 3954,0204 599 9830,INDEPENDENT AVERAGE ADJUSTERS LONDON,,
0203 693 3955,0204 599 9831,Teachers Discounts (company name: TRUSTER TRADESMAN LTD),,
0203 693 3956,0204 599 9832,THE SECRET YARNERY LTD,,
0203 693 4450,0204 599 9833,STARLUX VENTURES LTD,,
0203 693 4451,0204 599 9834,Al-Sheikh Tech Solutions and Training,,
0203 693 4452,0204 599 9835,DURABLE COLLECTION LIMITED,,
0203 693 4453,0204 599 9836,VireUp LTD,,
0203 693 4454,0204 599 9837,Emperia VR,,
0203 693 4455,0204 599 9838,Elite Protection Dogs,,
0203 693 4456,0204 599 9839,HND Surveyors ,,
0203 693 4457,0204 599 9840,ASTON SOCIAL,,
0203 693 4458,0204 599 9841,Gbotema Group,,
0203 693 4459,0204 599 9842,REFORM PURSUIT,,
0203 693 4460,0204 599 9843,Taher Farms UK Limited,,
0203 693 4461,0204 599 9844,MASON ATLANTIC LIMITED,,
0203 693 4462,0204 599 9845,PRP UK Limited,,
0203 693 4463,0204 599 9846,LEGEND ADEX LTD,,
0203 693 4465,0204 599 9847,BELL and REGENT LTD,,
0203 693 4466,0204 599 9848,Triform electrical,,
0203 693 4467,0204 599 9849,Savvy & Wyse Legal Services Limited,,
0203 693 4468,0204 599 9850,LONDON SCHOOL OF BUSINESS And MANAGERIAL SCIENCES LTD,,
0203 693 4470,0204 599 9851,NICK BURNE CONSULTING,,
0203 693 4471,0204 599 9852,OMID HOLDINGS SL,,
0203 693 4472 ,0204 599 9853,Happy Media Marketing,,
0203 693 4473,0204 599 9854,IVM Markets UK Ltd     ,,
0203 693 4474,0204 599 9855,Sales and Marketing Worldwide,,
0203 693 4475,0204 599 9856,Aviary Homes Limited,,
0203 693 4477,0204 599 9857,IRIS RECEIPTS LIMITED,,
0203 693 4478,0204 599 9858,STARRING TECHNOLOGY CO LTD VM,,
0203 693 4479,0204 599 9859,SHN Partners Consultancy  ,,
0203 693 4480,0204 599 9860,Human Centric Group,,
0203 693 4481,0204 599 9861,OLI TEC LIMITED  ,,
0203 693 4482,0204 599 9862,CHARGEZONE,,
0203 693 4483,0204 599 9863,Phase Four Digital Ltd,,
0203 693 4484,0204 599 9864,Capital Ventures Group Ltd,,
0203 693 4485,0204 599 9865,McLansey Ltd,,
0203 693 4486,0204 599 9866,KAANO IO LTD,,
0203 693 4487,0204 599 9867,GOLDEN VIRGIN PRODUCTION,,
0203 693 4488,0204 599 9868,The Global Development Authority LLP,,
0203 693 4489,0204 599 9869,Roesco Ltd,,
0203 693 4490,0204 599 9870,The Resourceful Gem,,
0203 693 4491,0204 599 9871,LEDDI LIMITED,,
0203 693 4492,0204 599 9872,Supacleen Limited,,
0203 693 4493,0204 599 9873,ECOMSOUL LTD,,
0203 693 4494 ,0204 599 9874,WEBMATICS LTD,,
0203 693 4495,0204 599 9875,Monril Trading  ,,
0203 693 4496,0204 599 9876,GEMMTECH LTD,,
0203 693 4497,0204 599 9877,Hotteeze International Ltd,,
0203 815 7930,0204 599 9878,NAV CORPORATION LTD   ,,
0203 815 7931,0204 599 9879,CAPSOLIX LTD,,
0203 815 7932,0204 599 9880,EOLETECH ,,
0203 815 7933,0204 599 9881,NDP,,
0203 815 7934,0204 599 9882,Wengko Mole Ltd,,
0203 815 7935,0204 599 9883,Elite Psychology Associates Ltd,,
0203 815 7936,0204 599 9884,All better care Limited,,
0203 815 7937,0204 599 9885,SPEED ELECTRONICS LTD,,
0203 815 7938,0204 599 9886,ELITE SOLUTIONS MARKETING LIMITED,,
0203 815 7939,0204 599 9887,STOP,,
0203 815 7942,0204 599 9888,Scan Specialist Surveyors,,
0203 815 7943,0204 599 9889,Academic Guardians UK Ltd,,
0203 815 7944,0204 599 9890,QUANTUM GROWTH ADVANTAGE LTD,,
0203 815 7945,0204 599 9891,SJC Nutrition Limited,,
0203 815 7946,0204 599 9892,PIN CM LTD,,
0203 815 7947 ,0204 599 9893,Dragoni Partners LLP,,
0203 815 7948,0204 599 9894,VIVID PROPERTY care,,
0203 815 7949,0204 599 9895,Health & Care Leadership Academy ,,
0203 815 7950,0204 599 9896,CYDCRANE LTD,,
0203 815 7952,0204 599 9897,PDF ESTATES Ltd,,
0203 815 7953,0204 599 9898,AVISANT SEARCH,,
0203 815 7954,0204 599 9899,AVENTINO,,
0203 815 7956,0204 599 9900,Fortunegate Properties LTD,,
0203 815 7957,0204 599 9901,LEVEL  8,,
0203 815 7958,0204 599 9902,SKY INTERNATIONAL PROPERTIES LIMITED,,
0203 815 7959,0204 599 9903,LOOMIE LIMITED,,
0203 815 7961,0204 599 9904,HIREVISER LTD,,
0203 815 7962,0204 599 9905,Dawson Housing,,
0203 815 7963,0204 599 9906,Lighter Leaf ltd,,
0203 815 7964  ,0204 599 9907,BARK BARK  ,,
0203 815 7965,0204 599 9908,PPD Consulting Ltd ,,
0203 815 7966,0204 599 9909,REDOUBT PARTNERS,,
0203 815 7967,0204 599 9910,Safe Acoustics Ltd,,
0203 815 7968,0204 599 9911,OUT OF HOURS CLEANING SERVICES,,
0203 815 7969,0204 599 9912,A-TEK Solutions,,
0203 815 7970,0204 599 9913,PROPERTY FIRST AID LTD,,
0203 815 7971,0204 599 0531,En Route Solutions,,
0203 815 7972,0204 599 0532,Rebate Gateway   ,,
0203 815 7973,0204 599 0533,WORLD LINKS Ltd,,
0203 815 7975,0204 599 0534,First Step Consulting,,
0203 815 7976,0204 599 0535,LivinWorld,,
0203 815 7977,0204 599 0536,2Think Digital Marketing ltd,,
0203 815 7978,0204 599 0537,SURE UNICORN INTERIOR LIMITED,,
0203 815 7979,0204 599 0538,AELM LTD ,,
0203 815 7980,0204 599 0539,INTELITUDE LTD,,
0203 815 7981,0204 599 0540,Technology Transformation Group,,
0203 815 7982,0204 599 0541,TOTAL STAFFING LTD,,
0203 815 7983,0204 599 0542,IPM-TOP (Ltd),,
0203 815 7984 ,0204 599 0543,ADVANCED TECH  SERV UK LTD    ,,
0203 815 7985   ,0204 599 0544,RECOVERY SOFTWARE LTD,,
0203 815 7986,0204 599 0545,THURLEY HOMES LTD,,
0203 815 7987,0204 599 0546,AEG Corporation,,
0203 815 7988,0204 599 0547,Spare90,,
0203 815 7990,0204 599 0548,SISKIN CAPITAL LTD,,
0203 815 7991,0204 599 0549,SMASH ENTERPRISE LTD,,
0203 815 7993,0204 599 0550,Kumba Group Ltd,,
0203 815 7994,0204 599 0551,DANUSH SOLUTIONS,,
0203 815 7995,0204 599 0552,WIZEJOB,,
0203 815 7996,0204 599 0553,SILKROAD FOR LOGISTICS LTD,,
0203 815 7997,0204 599 0554,UKINSHA SERVICES    ,,
0203 815 7998 ,0204 599 0555,Ace Acoustics UK Ltd,,
0203 815 8000,0204 599 0556,Wizz accounting,,
0203 815 8001,0204 599 0557,STERIPLEX Ltd c/n to GENR8 ,,
0203 815 8002,0204 599 0558,Jacksons Sims Recruitment  ,,
0203 815 8003,0204 599 0559,ANN and PALM,,
0203 815 8004,0204 599 0560,HOSTSHIELD LTD,,
0203 815 8005,0204 599 0561,CUE TALENT ADVISORY   ,,
0203 815 8007,0204 599 0562,INOVAPRIME UNITED KINGDOM LTD,,
0203 815 8008,0204 599 0563,AKIADUANO (UK) LTD,,
0203 815 8009,0204 599 0564,KICKING PIXELS,,
0203 815 8010,0204 599 0565,Carbonlite Medical Technology ,,
0203 815 8011,0204 599 0566,FIT Academy,,
0203 815 8015,0204 599 0567,International Education Board Ltd,,
0203 815 8016,0204 599 0568,AJNI Realty & Media Solutions,,
0203 815 8017,0204 599 0569,GENENET TECHNOLOGY (UK) LIMITED  vm,,
0203 815 8018,0204 599 0570,Tru Sitter and Care    ,,
0203 815 8019,0204 599 0571,TRIDENT TRADERS LTD,,
0203 815 8020 ,0204 599 0572,QUANTUM INTERNATIONAL GROUP ,,
0203 815 8022,0204 599 0573,HEROLD Rechtsanwaelte,,
0203 815 8023,0204 599 0574,Emmanuel Foundation Training   ,,
0203 815 8024,0204 599 0575,JED CO LOGISTICS ,,
0203 815 8025,0204 599 0576,Communique Communications Ltd,,
0203 815 8026,0204 599 0577,Weso Industries LTD,,
0203 815 8027,0204 599 0578,Now Listen PR,,
0203 815 8028,0204 599 0579,WEX GLOBAL LTD,,
0203 815 8029 ,0204 599 0580,INVESTOR PRO ,,
0203 907 7701,0204 599 0581,Headspace Competitive Intelligence,,
0203 907 7702,0204 599 0582,William Fox Associates,,
0203 907 7703,0204 599 0583,Blu Network ,,
0203 907 7704,0204 599 0584,VideosApex,,
0203 907 7705,0204 599 0585,Founders of London Limited,,
0203 907 7706,0204 599 0586,MYBARNITE,,
0203 907 7707,0204 599 0587,ELEMENTS HUB LIMITED,,
0203 907 7708 ,0204 599 0588,TAYLOR MORRISON,,
0203 907 7709,0204 599 0589,XTRAVEL LLP,,
0203 907 7710,0204 599 0590,Train Motivate Excel,,
0203 907 7711,0204 599 0591,Asbestos Survey AND Removal Consultants,,
0203 907 7712,0204 599 0592,TD FREIGHT_PRO Ltd,,
0203 907 7713,0204 599 0593,KEYLIA TRADING LTD,,
0203 907 7714,0204 599 0594,THE EMPLOYMENT LAW SERVICES,,
0203 907 7715,0204 599 0595,THE CALORIEFINDER,,
0203 907 7716,0204 599 0596,CHRISTOPHER OBASUYI FOUNDATION FOR GOOD GOVERNANCE AND SOCIAL CHANGE,,
0203 907 7717,0204 599 0597,LEAN ENABLED GROUP,,
0203 907 7718,0204 599 0598,Camellian,,
0203 907 7720,0204 599 0599 ,PAYBACK PAYROLL,,
0203 907 7721,0204 599 0600,CLEARLY DEFINED LTD,,
0203 907 7722,0204 599 0601,FS CONTRACTING BUILDING SERVICES LTD,,
0203 907 7723,0204 599 0602,AHR OPERATIONS LTD  Answer calls as RIPPLE ASSOCIATES ,,
0203 907 7725,0204 599 0603,DOUG SOLUTIONS LIMITED,,
0203 907 7726,0204 599 0604,TRAKTI LTD,,
0203 907 7727,0204 599 0605,CloudScouts Technology services UK ,,
0203 907 7728,0204 599 0606,Football Data Limited,,
0203 907 7729,0204 599 0607,The Hospitality Broker,,
0203 907 7730,0204 599 0608,WYMAN BAIN,,
0203 907 7731,0204 599 0609,PAN21dotCOM ENTERPRISES LTD,,
0203 907 7732 ,0204 599 0610,HEROAPPS INC,,
0203 907 7733,0204 599 0611,FISC PARKING SOLUTIONS,,
0203 907 7734,0204 599 0612,Alexander MCR Ltd  ,,
0203 907 7735,0204 599 0613,JBR ESTATES ,,
0203 907 7736,0204 599 0614,Advocacy Tutor,,
0203 907 7737,0204 599 0615,ASIACORE LTD,,
0203 907 7738,0204 599 0616,FRATGATE LTD    ,,
0203 907 7739,0204 599 0617,BROOKFIELD SECURITY LTD,,
0203 907 7740,0204 599 0618,HORNBYCHAPMAN LIMITED,,
0203 907 7741,0204 599 0619,Storms Edge Therapy   ,,
0203 907 7742,0204 599 0620,Nicely Polished Ltd,,
0203 907 7743,0204 599 0621,BONSAI REDWOOD PROPERTY SOLUTIONS LTD,,
0203 907 7744,0204 599 0622,GROWTH MINDSET SKILLS LTD,,
0203 907 7745,0204 599 0623,Autonomous Flight,,
0203 907 7749 ,0204 599 0624,THREESIXFIVEUK LTD,,
0203 929 2030,0204 599 0625,JOLLY 3D CRYSTAL     ,,
0203 929 2031,0204 599 0626,Barnsley Machinery Group,,
0203 929 2032,0204 599 0627,TEXO CONSTRUCTION LTD,,
0203 929 2033 ,0204 599 0628,Childrens Information Centre,,
0203 929 2034,0204 599 0629,Sinda Corporation UK Limited,,
0203 929 2035,0204 599 0630,TECHNEEK GLOBAL LTD,,
0203 929 2036,0204 599 0631,LondonCoin Systems Ltd,,
0203 929 2037,0204 599 0632,ThoughtShift,,
0203 929 2038,0204 599 0633,City Stone UK,,
0203 929 2039,0204 599 0634,Haven Hub International Academy ,,
0203 929 2040,0204 599 0635,BRONCO LTD,,
0203 929 2041,0204 599 0636,FUTURE EVENTS AND PRODUCTION LTD                           ,,
0203 929 2042,0204 599 0637,SOULECLEAN ,,
0203 929 2043,0204 599 0638,T1 DIGITAL CONSULTANTS ,,
0203 929 2045,0204 599 0639,Flatfee OVERSEAS OPERATION SERVICES UK LIMITED,,
0203 929 2046,0204 599 0640,Dynamic Locks & Security  ,,
0203 929 2047,0204 599 0641,NORDIC NRG and MARINE LIMITED,,
0203 929 2048,0204 599 0642,PIZZA FOLLIA LTD,,
0203 929 2049,0204 599 0643,SPIKEY U,,
0203 929 2050,0204 599 0644,Sofia Education Experts,,
0203 929 2051,0204 599 0645,E learning WMB Limited,,
0203 929 2052,0204 599 0646,Acute Heating Ltd,,
0203 929 2053,0204 599 0647,Macrobia International University,,
0203 929 2054,0204 599 0648,Taylor Property Holdings Group Ltd,,
0203 929 2055,0204 599 0649,AQOU LTD,,
0203 929 2057,0204 599 0650,BAIL ME OUT REFERRAL  (answer COMPLAINTS AND DISPUTES SERVICES),,
0203 954  2560,0204 599 0651,Au Creative Ltd   ,,
0203 954 2530,0204 599 0652,Your Option Services Ltd ,,
0203 954 2531,0204 599 0653,WAY OUT FRONT LTD,,
0203 954 2532,0204 599 0654,Cacti Global Ltd,,
0203 954 2533,0204 599 0655,WORLD ACADEMY FOR RESEARCH AND DEVELOPMENT LTD. (World Academy - UK),,
0203 954 2534,0204 599 0656,COGNITIA CONSULTING ,,
0203 954 2536,0204 599 0657,LONDONER DESIGN ,,
0203 954 2537,0204 599 0658,AMANDRE WILSON,,
0203 954 2538  ,0204 599 0659,CHECKSEC LIMITED,,
0203 954 2539,0204 599 0660,JLA STUDIOS UK LTD,,
0203 954 2540,0204 599 0661,LGB ALLIANCE,,
0203 954 2542,0204 599 0662,BSEL CONTRACTS LTD,,
0203 954 2543,0204 599 0663,WESTFIELD CARPETS,,
0203 954 2544,0204 599 0664,FIVE THIRDS CONSTRUCTION CONSULTANTS,,
0203 954 2545,0204 599 0665,GLOBAL SATCOM LTD,,
0203 954 2546,0204 599 0666,TALENT SHORE ,,
0203 954 2547,0204 599 0667,The Most Fabulous Finds,,
0203 954 2548,0204 599 0668,ITIMAYO-CORPORATE LTD,,
0203 954 2549,0204 599 0669,RETAIL JUNGLE LTD ,,
0203 954 2550,0204 599 0670,ANROSA LLP   ,,
0203 954 2551,0204 599 0671,BTOURS ltd,,
0203 954 2552 ,0204 599 0672,Fenna Neubauer  ,,
0203 954 2553,0204 599 0673,UNITED TO FIGHT CHILDREN'S CANCER LTD ,,
0203 954 2554,0204 599 0674,Studio Blank,,
0203 954 2555,0204 599 0675,Growth Hacking Recruiters,,
0203 954 2556,0204 599 0676,CONSTANTINEBYDESIGN LTD,,
0203 954 2557,0204 599 0677,Synergist recruitment Ltd   ,,
0203 954 2558,0204 599 0678,PSYCHOTHERAPIA CENTRE LTD ,,
0203 954 2559,0204 599 0679,House of Qualitas,,
0203 954 2561,0204 599 0680,CRYOTUDE LTD  ,,
0203 954 2562,0204 599 0681,PAYTON PLACE PROPERTIES LTD,,
0203 954 2564,0204 599 0682,FALKNER LIMITED,,
0203 954 2565,0204 599 0683,VIV DESIGNS LTD,,
0203 954 2566,0204 599 0684,Dynamic Inspection Services,,
0203 954 2568,0204 599 0685,GROW DINNERS LTD,,
0203 954 2569,0204 599 0686,cHAIRON ,,
0203 954 2570,0204 599 0687,SRKK CONSULTING UK LTD,,
0203 954 2571,0204 599 0688,First Republic Registrar foundation,,
0203 954 2572,0204 599 0689,INVESTOR DATA INC UK LTD,,
0203 954 2573,0204 599 0690,CANTERBURY STRATEGY,,
0203 954 2574,0204 599 0691,MAASI ENTERPRISES,,
0203 954 2575 ,0204 599 0692,Trw consult,,
0203 954 2576,0204 599 0693,TOUCHSTONE RENARD LTD,,
0203 954 2577,0204 599 0694,Blackbell Africa Ltd,,
0203 954 2578,0204 599 0695,ARTISTS ON CARDS ,,
0203 954 2579,0204 599 0696,REMOTE SITE SOLUTIONS LTD,,
0203 962 5690,0204 599 0697,ST BIOSCIENCES,,
0203 962 5691,0204 599 0698,Danmaur Commercial Law Limited,,
0203 962 5692,0204 599 0699,STERLING CASTLE INVESTMENTS LIMITED,,
0203 962 5693,0204 599 0700,Mortgage Complete     ,,
0203 962 5694,0204 599 0701,TEMPLE QUEST LTD,,
0203 962 5695,0204 599 0702,GE FACILITIES  ,,
0203 962 5696,0204 599 0703,Barriers4U,,
0203 962 5697,0204 599 0704,PAY ON CARD  ,,
0203 962 5698,0204 599 0705,KINETIC TACTICAL GROUP LTD,,
0203 962 5699,0204 599 0706,Alexika Ltd,,
0203 962 5701,0204 599 0707,DERMIER_LABORATORY_LIMITED,,
0203 962 5703  ,0204 599 0708, Bees Knee's Works ,,
0203 962 5704,0204 599 0709,TENDENCYS INNOVATIONS UK LIMITED,,
0203 962 5705,0204 599 0710,VANCRO INTEGRATED INTERPRETING SERVICES ...,,
0203 962 5706,0204 599 0711,ANYTECH DISTRIBUTION   ,,
0203 962 5707,0204 599 0712,Sonix Digital Ltd,,
0203 962 5708,0204 599 0713,Alfa aero servicies,,
0203 962 5709,0204 599 0714,SOUTHERN ELITE DOORS LTD,,
0203 962 5710,0204 599 0715,ATTIRER LIMITED  ,,
0203 962 5711,0204 599 0716,Academy of Coaching  Training Ltd,,
0203 962 5712,0204 599 0717,Dataintoapps,,
0203 962 5713,0204 599 0718,Inovar Emea Ltd,,
0203 962 5714,0204 599 0719,HOIST INTERNATIONAL ,,
0203 962 5715,0204 599 0720,Euro Fiscal Partners,,
0203 962 5716,0204 599 0721,Faisal Pallab and co,,
0203 962 5717 ,0204 599 0722,Medcart Solutions,,
0203 962 5718,0204 599 0723,Greater Land ltd,,
0203 962 5719,0204 599 0724,NARR PRODEMA PROPERTY CONSULTANCY AND DESIGN LTD,,
0203 962 5720,0204 599 0725,MMY Global Ltd,,
0203 962 5721,0204 599 0726,Infinitic Consultancy,,
0203 962 5722,0204 599 0727,TIMBER SPIRIT LTD,,
0203 962 5723,0204 599 0728,FOSCH UK,,
0203 962 5724,0204 599 0729,Sibex Ltd,,
0203 962 5726  ,0204 599 0730,INVITIAL LTD ,,
0203 962 5727 ,0204 599 0731,PSIGHT4UK            Answer calls as PERFECTSIGHT  ,,
0203 962 5728,0204 599 0732,TRANSITION MANAGER,,
0203 962 5729,0204 599 0733,WITZ END SOLUTIONS,,
0203 962 5730,0204 599 0734,Blue Zone Hub Information Technology,,
0203 962 5731,0204 599 0735,APPLEBY RISK,,
0203 962 5732,0204 599 0736,CASK INVESTMENT PROGRAM,,
0203 962 5733,0204 599 0737,Beagle Freedom Project UK ,,
0203 962 5734,0204 599 0738,JUST SOLD   ,,
0203 962 5735 ,0204 599 0739,SLEDGE CONSULTING LTD,,
0203 962 5736,0204 599 0740,Realvision Internet Ltd,,
0203 962 5737,0204 599 0741,ULTRA INSIGHTS,,
0203 962 5738,0204 599 0742,Sports Equipment Supplies,,
0203 962 5739 ,0204 599 0743,GLP Accountancy,,
0203 962 5740,0204 599 0744,Advanced Media Solutions  (logged on 8x8 as oilpricedotcom),,
0203 962 5741,0204 599 0745,The Tax Recruitment Company,,
0203 962 5742,0204 599 0746,Feelook intertrade Ltd,,
0203 962 5743,0204 599 0747,HAMPSHIRE HOME Cover,,
0203 962 5744,0204 599 0748,Delta Legal and Corporate Ltd,,
0203 962 5745,0204 599 0749,Signal Ocean Ltd,,
0203 962 5746,0204 599 0750,AVALON Linguistic Ltd.,,
0203 962 5747,0204 599 0751,KIAN TRAVEL LIMITED,,
0203 962 5748,0204 599 0752,JDZ LTD,,
0203 962 5749,0204 599 0753,Occupation Navigation Ltd,,
0203 962 5750,0204 599 0754,Blackrok Property  ,,
0203 962 5751,0204 599 0755,KOTEM CONSULTANTS UK LIMITED,,
0203 962 5752,0204 599 0756,PROJECT MINT ,,
0203 962 5753,0204 599 0757,Elifinty Ltd,,
0203 962 5754,0204 599 0758,CARRINGTONWHITE INVESTMENTS LIMITED,,
0203 962 5755,0204 599 0759,ELINK SUPPLY UK LTD,,
0203 962 5756,0204 599 0760,JOB HUB LIMITED,,
0203 962 5758,0204 599 0761,AIRRIDE DIRECT LIMITED,,
0203 962 5759,0204 599 0762,Outstanding Care Homes Solutions (OCH SOLUTIONS LTD),,
0203 962 5760,0204 599 0763,VANCENCO GROUP LTD,,
0203 962 5761,0204 599 0764,Go locksmith 24/7  Ltd,,
0203 962 5762  ,0204 599 0765,BRAZIL PROPERTY LAWYERS,,
0203 962 5763,0204 599 0766,Digital System International ,,
0203 962 5764,0204 599 0767,Ernest View Ltd ,,
0203 962 5767,0204 599 0768,CHEM CONSULTANCY LTD,,
0203 962 5768,0204 599 0769,Swallow and Castle,,
0203 962 5769,0204 599 0770,CLARISYS GLOBAL LTD,,
0203 962 5770,0204 599 0771,STARADO VENTURES LTD,,
0203 962 5771,0204 599 0772,ASARO SYSTEMS LTD,,
0203 962 5772,0204 599 0773,XRB MEDIA LIMITED,,
0203 962 5773,0204 599 0774,WORLD CORPORATE ORGANIZATION ,,
0203 962 5774  ,0204 599 0775,Next Technology Vision (NTV)          ,,
0203 962 5775,0204 599 0776,PHYSICAL RISK SOLUTIONS UK LTD,,
0203 962 5776,0204 599 0777,Antero AND Co Healthcare LTD,,
0203 962 5777,0204 599 0778,Gb gold,,
0203 962 5778,0204 599 0779,IGT,,
0203 962 5779,0204 599 0780,Radix Solutions,,
0203 962 5781,0204 599 0781,Alpha 1,,
0203 962 5782,0204 599 0782,Alpha Estate agents,,
0203 962 5783 ,0204 599 0783,COGNESCENCE LTD   ,,
0203 962 5784,0204 599 0784,LUGA LABS LTD   ,,
0207 052 7622,0204 599 0785,Londonpayments,,
0207 052 7623,0204 599 0786,D G Chauffeur Services,,
0207 052 7625,0204 599 0787,Redeeming Features  ,,
0207 052 7626,0204 599 0788,virasolv Ltd,,
0207 062 6727,0204 599 0789,Greenrock Capital Limited,,
0207 062 6728,0204 599 0790,Risk and Financial,,
0207 062 6729,0204 599 0791,Santa Chris Nicholas,,
0207 062 6730,0204 599 0792,MIRADE  CONSULTANTS,,
0207 062 6731,0204 599 0793,RISEHUB CIC ,,
0207 062 6732,0204 599 0794,SYSTIMS,,
0207 062 6733,0204 599 0795,ASCORP PRESTIGE       (Answer as Ascorp London chauffeurs ) ,,
0207 062 6734,0204 599 0796,Gladiant Mechanical Ltd,,
0207 062 6735 ,0204 599 0797,Tower Power Consultancy,,
0207 062 6737,0204 599 0798,DIGITAL SIGN UK,,
0207 062 6738,0204 599 0799,RSV CONSULTING,,
0207 062 6739,0204 599 0800,Laboratoire Paul et Karin Herzog SA,,
0207 062 6740,0204 599 0801,Voiceworks,,
0207 062 6742,0204 599 0802,Inspired Concepts Ltd,,
0207 062 6743,0204 599 0803,Pineflat Management Limited,,
0207 062 6744,0204 599 0804,CHOOSE ECO  LTD,,
0207 062 6746,0204 599 0805,COINHOUSE ONE,,
0207 566 1180,0204 599 0806,Cosulting Ltd ,,
0207 566 1182,0204 599 0807,KALISTER TECHNOLOGIES LTD,,
0207 566 1183,0204 599 0808,NKN LIMITED LLP,,
0207 566 1184,0204 599 0809,Lider Construction Ltd,,
0207 566 1185 ,0204 599 0810,PTools Software,,
0207 566 1186,0204 599 0811,Cybercentry,,
0207 566 1187 ,0204 599 0812,GDI Technology Ltd  ,,
0207 566 1188,0204 599 0813,Clever company formations,,
0207 566 1188,0204 599 0814,CLEVER COMPANY FORMATIONS   ,,
0207 566 1189,0204 599 0815,CLIMATIZE GAMING,,
0207 566 1190,0204 599 0816,Ferra Holdings Ltd ,,
0207 566 1191,0204 599 0817,Properly Real Estate Group,,
0207 566 1192,0204 599 0818,ATTOL  BLUE  LTD,,
0207 566 1193,0204 599 0819,STRATIS HOMES LIMITED,,
0207 566 1194,0204 599 0820,DISTRICT 34,,
0207 566 1195 ,0204 599 0821,CORNICHE PROPERTIES LTD,,
0207 566 1196,0204 599 0822,Anterides,,
0207 566 1197,0204 599 0823,Nothra LTD,,
0207 566 1198,0204 599 0824,SOLISTECH SOLUTIONS LTD,,
0207 566 1199,0204 599 0825,Sapient Recruitment Ltd,,
0207 566 2180,0204 599 0826,AVALANCHE WEB SERVICES LTD ,,
0207 566 2181,0204 599 0827,GLOBAL LEGAL AND BUSINESS CONSULTANT,,
0207 566 2182,0204 599 0828,Glocal Enterprise Limited,,
0207 566 2183,0204 599 0829,SIMPSYS ,,
0207 566 2184,0204 599 0830,DC LEGAL,,
0207 566 2185,0204 599 0831,DOLLY DIVAS,,
0207 566 2186,0204 599 0832,Dr expat,,
0207 566 2187,0204 599 0833,KUMO LONDON,,
0207 566 2188,0204 599 0834,MILKRIS INTERIORS LIMITED,,
0207 566 2189,0204 599 0835,LIMAH LTD,,
0207 566 2190,0204 599 0836,Independent Investment Consultancy,,
0207 566 2191,0204 599 0837,David Leslie Ltd,,
0207 566 2192,0204 599 0838,CONSILIUM  LAW,,
0207 566 2193,0204 599 0839,GRENADINES investments,,
0207 566 2194,0204 599 0840,CTP International  ,,
0207 566 2195 ,0204 599 0841,S and R FLOORING  ( S & R Flooring ),,
0207 566 2196,0204 599 0842,Highmount Europe (formerly Highmount Investments Ltd),,
0207 566 2197,0204 599 0843,Global Citizens Translation,,
0207 566 2198,0204 599 0844,NRA CONSULTANTS LIMITED,,
0207 566 2198,0204 599 0845,WINDRAKER ,,
0207 566 2199,0204 599 0846,TRIGA FILMS,,
0207 566 3939,0204 599 0847,Capital Office,,
0207 566 3970,0204 599 0848,RACE REFLECTIONS,,
0207 566 3971,0204 599 0849,MAGIC OF DEAN,,
0207 566 3972,0204 599 0850,LONDON COACHING SOLUTIONS,,
0207 566 3973,0204 599 0851,Gap care ltd,,
0207 566 3975,0204 599 0852,LONDON COLLEGE OF ONLINE LEARNING,,
0207 566 3976,0204 599 0853,Capital Support Services,,
0207 566 3977,0204 599 0854,Azure Pools AND Hottubs Ltd,,
0207 566 3978,0204 599 0855,NittyGritty,,
0207 566 3979,0204 599 0856,ISEC MANAGEMENT SOLUTIONS,,
0207 566 3981,0204 599 0857,ASDEM LIMITED,,
0207 566 3983,0204 599 0858,Digital Health Intelligence,,
0207 566 3984,0204 599 0859,GSV Sports Management       ,,
0207 566 3986,0204 599 0860,YARDLAKE MANAGEMENT  ,,
0207 566 3987,0204 599 0861,Bridgewater Intl Ltd,,
0207 566 3988,0204 599 0862,Go Gum Ltd,,
0207 566 3989,0204 599 0863,STYZELER,,
0207 566 4050,0204 599 0864,DIGITAL TEST SERVICES ,,
0207 566 4051,0204 599 0865,F P MAINTENANCE ,,
0207 566 4052,0204 599 0866,Highgrove Consulting Ltd,,
0207 566 4053,0204 599 0867,Defensys Group,,
0207 566 4054,0204 599 0868,Telco Wireless Consortium,,
0207 566 4055,0204 599 0869,PROMISING SOURCES ,,
0207 566 4056,0204 599 0870,FA FORENSICS ltd,,
0207 566 4057,0204 599 0871,AGARI INTERNATIONAL,,
0207 566 4058,0204 599 0872,INNOVATION FLOOR LIMITED,,
0207 566 4062,0204 599 0873,BEE SHINE CLEANING SERVICES,,
0207 566 4066,0204 599 0874,Path Counselling,,
0207 566 4068,0204 599 0875,Help Beyond Tears  ,,
0207 566 4069,0204 599 0876,ECHO CONSTRUCTION,,
0207 689 7497,0204 599 0877,Earlswood Homes South East Limited,,
0207 689 7498,0204 599 0878,LONDON SCHOOL OF BUSINESS AND EDUCATION,,
0207 689 7499,0204 599 0879,Greenburgh & Co Limited,,
0207 689 7500,0204 599 0880,CYBER SPACE RECRUITMENT ,,
0207 689 7501,0204 599 0881,Armageddon Pest Control,,
0207 689 7502,0204 599 0882,The Creative Learning Company,,
0207 689 7503 ,0204 599 0883,OXFORD MANAGEMENT LTD,,
0207 689 7504,0204 599 0884,A C T National Ltd,,
0207 689 7506,0204 599 0885,SUperfloors,,
0207 689 7507,0204 599 0886,Clubs Away,,
0207 689 7508,0204 599 0887,STERLING WEALTH ASSOCIATES,,
0207 689 7509,0204 599 0888,DUNN COMMERCIAL FURNITURE,,
0207 689 7510,0204 599 0889,TRANSFORM TO DIGITAL,,
0207 689 7511,0204 599 0890,PINEMOOR LIMITED,,
0207 689 7512,0204 599 0891,ENVIRO_COOL UK LTD,,
0207 689 7513,0204 599 0892,Performance Edge Consulting,,
0207 689 7514,0204 599 0893,Myra IT Solutions Ltd,,
0207 689 7515,0204 599 0894,Rhi energies,,
0207 689 7516,0204 599 0895,Gluhen,,
0207 689 7517,0204 599 0896,Gioia divino,,
0207 689 7518,0204 599 0897,Simulytica,,
0207 689 7519,0204 599 0898,EPN CONSULTING,,
0207 689 7520,0204 599 0899,PGD Strategy,,
0207 689 7521,0204 599 0900,Seramontt,,
0207 689 7522,0204 599 0901,Cavendish Surveying,,
0207 689 7523,0204 599 0902,8innovations,,
0207 689 7524,0204 599 0903,LECUNA PROPERTY MANAGEMENT LTD ,,
0207 689 7525,0204 599 0904,AD STUDIOS,,
0207 689 7526,0204 599 0905,House Of Enoch,,
0207 689 7527,0204 599 0906,Yes Accountants Limited,,
0207 689 7528,0204 599 0907,SOLUTIONS PLUS,,
0207 689 7529 ,0204 599 0908,DOORLISH ,,
0207 689 7530,0204 599 0909,Unique Security Systems,,
0207 689 7531,0204 599 0910,QWIBBS  ,,
0207 689 7532,0204 599 0911,EUREKA ONLINE COLLEGE,,
0207 689 7533,0204 599 0912,Watson Records,,
0207 689 7536,0204 599 0913,Blue Sky Building,,
0207 689 7538,0204 599 0914,CONTINUITY STRATEGY LTD ,,
0207 689 7539,0204 599 0915,MEAH Co,,
0207 689 7544,0204 599 0916,Know Mean Feat Group,,
0207 689 7552,0204 599 0917,T&M ESTATE AGENTS LTD ,,
0207 689 7553,0204 599 0918,EMG CONTRACTORS LTD,,
0207 689 7888,0204 599 0919,YCF NUMBER,,
0207 689 7890,0204 599 0920,WORLD OF SANTA ,,
0207 689 8303,0204 599 0921,A.M. Insolvency Ltd t/a CVL Expert,,